{"_format":"ethers-rs-sol-cache-3","paths":{"artifacts":"out","build_infos":"out/build-info","sources":"examples","tests":"test","scripts":"script","libraries":["lib"]},"files":{"examples/simple/Counter.sol":{"lastModificationDate":1713646265399,"contentHash":"888047d3f9bb2347df67b37c088db4e6","sourceName":"examples/simple/Counter.sol","solcConfig":{"settings":{"optimizer":{"enabled":true,"runs":200000},"metadata":{"useLiteralContent":false,"bytecodeHash":"ipfs","appendCBOR":true},"outputSelection":{"*":{"*":["abi","evm.bytecode","evm.deployedBytecode","evm.methodIdentifiers","metadata"]}},"evmVersion":"shanghai","viaIR":false,"libraries":{}}},"imports":["lib/analog-gmp/src/interfaces/IGmpReceiver.sol"],"versionRequirement":"^0.8.0","artifacts":{"Counter":{"0.8.24+commit.e11b9ed9.Linux.gcc":"Counter.sol/Counter.json"}}},"examples/simple/Counter.t.sol":{"lastModificationDate":1713646265399,"contentHash":"4bd5bc44839420f2149c43654c4e6bf6","sourceName":"examples/simple/Counter.t.sol","solcConfig":{"settings":{"optimizer":{"enabled":true,"runs":200000},"metadata":{"useLiteralContent":false,"bytecodeHash":"ipfs","appendCBOR":true},"outputSelection":{"*":{"*":["abi","evm.bytecode","evm.deployedBytecode","evm.methodIdentifiers","metadata"]}},"evmVersion":"shanghai","viaIR":false,"libraries":{}}},"imports":["examples/simple/Counter.sol","lib/analog-gmp/lib/frost-evm/sol/SECP256K1.sol","lib/analog-gmp/lib/frost-evm/sol/Schnorr.sol","lib/analog-gmp/src/Gateway.sol","lib/analog-gmp/src/GatewayProxy.sol","lib/analog-gmp/src/Primitives.sol","lib/analog-gmp/src/interfaces/IExecutor.sol","lib/analog-gmp/src/interfaces/IGateway.sol","lib/analog-gmp/src/interfaces/IGmpReceiver.sol","lib/analog-gmp/src/interfaces/IUpgradable.sol","lib/analog-gmp/src/utils/BranchlessMath.sol","lib/analog-gmp/test/GmpTestTools.sol","lib/analog-gmp/test/Random.sol","lib/analog-gmp/test/TestUtils.sol","lib/forge-std/src/Base.sol","lib/forge-std/src/StdAssertions.sol","lib/forge-std/src/StdChains.sol","lib/forge-std/src/StdCheats.sol","lib/forge-std/src/StdError.sol","lib/forge-std/src/StdInvariant.sol","lib/forge-std/src/StdJson.sol","lib/forge-std/src/StdMath.sol","lib/forge-std/src/StdStorage.sol","lib/forge-std/src/StdStyle.sol","lib/forge-std/src/StdToml.sol","lib/forge-std/src/StdUtils.sol","lib/forge-std/src/Test.sol","lib/forge-std/src/Vm.sol","lib/forge-std/src/console.sol","lib/forge-std/src/console2.sol","lib/forge-std/src/interfaces/IERC165.sol","lib/forge-std/src/interfaces/IERC20.sol","lib/forge-std/src/interfaces/IERC721.sol","lib/forge-std/src/interfaces/IMulticall3.sol","lib/forge-std/src/mocks/MockERC20.sol","lib/forge-std/src/mocks/MockERC721.sol","lib/forge-std/src/safeconsole.sol"],"versionRequirement":"^0.8.0","artifacts":{"CounterTest":{"0.8.24+commit.e11b9ed9.Linux.gcc":"Counter.t.sol/CounterTest.json"}}},"examples/teleport-tokens/BasicERC20.sol":{"lastModificationDate":1713646265399,"contentHash":"a439e2f9740391d46e83126d606fd8c3","sourceName":"examples/teleport-tokens/BasicERC20.sol","solcConfig":{"settings":{"optimizer":{"enabled":true,"runs":200000},"metadata":{"useLiteralContent":false,"bytecodeHash":"ipfs","appendCBOR":true},"outputSelection":{"*":{"*":["abi","evm.bytecode","evm.deployedBytecode","evm.methodIdentifiers","metadata"]}},"evmVersion":"shanghai","viaIR":false,"libraries":{}}},"imports":["lib/analog-gmp/lib/solmate/src/tokens/ERC20.sol","lib/analog-gmp/src/Primitives.sol","lib/analog-gmp/src/interfaces/IGateway.sol","lib/analog-gmp/src/interfaces/IGmpReceiver.sol","lib/analog-gmp/src/utils/BranchlessMath.sol"],"versionRequirement":">=0.8.0","artifacts":{"BasicERC20":{"0.8.24+commit.e11b9ed9.Linux.gcc":"BasicERC20.sol/BasicERC20.json"}}},"examples/teleport-tokens/BasicERC20.t.sol":{"lastModificationDate":1713646265399,"contentHash":"b5be835a3e4c4d82adf62686d0e03c9c","sourceName":"examples/teleport-tokens/BasicERC20.t.sol","solcConfig":{"settings":{"optimizer":{"enabled":true,"runs":200000},"metadata":{"useLiteralContent":false,"bytecodeHash":"ipfs","appendCBOR":true},"outputSelection":{"*":{"*":["abi","evm.bytecode","evm.deployedBytecode","evm.methodIdentifiers","metadata"]}},"evmVersion":"shanghai","viaIR":false,"libraries":{}}},"imports":["examples/teleport-tokens/BasicERC20.sol","lib/analog-gmp/lib/frost-evm/sol/SECP256K1.sol","lib/analog-gmp/lib/frost-evm/sol/Schnorr.sol","lib/analog-gmp/lib/solmate/src/tokens/ERC20.sol","lib/analog-gmp/src/Gateway.sol","lib/analog-gmp/src/GatewayProxy.sol","lib/analog-gmp/src/Primitives.sol","lib/analog-gmp/src/interfaces/IExecutor.sol","lib/analog-gmp/src/interfaces/IGateway.sol","lib/analog-gmp/src/interfaces/IGmpReceiver.sol","lib/analog-gmp/src/interfaces/IUpgradable.sol","lib/analog-gmp/src/utils/BranchlessMath.sol","lib/analog-gmp/test/GmpTestTools.sol","lib/analog-gmp/test/Random.sol","lib/analog-gmp/test/TestUtils.sol","lib/forge-std/src/Base.sol","lib/forge-std/src/StdAssertions.sol","lib/forge-std/src/StdChains.sol","lib/forge-std/src/StdCheats.sol","lib/forge-std/src/StdError.sol","lib/forge-std/src/StdInvariant.sol","lib/forge-std/src/StdJson.sol","lib/forge-std/src/StdMath.sol","lib/forge-std/src/StdStorage.sol","lib/forge-std/src/StdStyle.sol","lib/forge-std/src/StdToml.sol","lib/forge-std/src/StdUtils.sol","lib/forge-std/src/Test.sol","lib/forge-std/src/Vm.sol","lib/forge-std/src/console.sol","lib/forge-std/src/console2.sol","lib/forge-std/src/interfaces/IERC165.sol","lib/forge-std/src/interfaces/IERC20.sol","lib/forge-std/src/interfaces/IERC721.sol","lib/forge-std/src/interfaces/IMulticall3.sol","lib/forge-std/src/mocks/MockERC20.sol","lib/forge-std/src/mocks/MockERC721.sol","lib/forge-std/src/safeconsole.sol"],"versionRequirement":">=0.8.0","artifacts":{"GmpTestToolsTest":{"0.8.24+commit.e11b9ed9.Linux.gcc":"BasicERC20.t.sol/GmpTestToolsTest.json"}}},"lib/analog-gmp/lib/frost-evm/sol/SECP256K1.sol":{"lastModificationDate":1713646285669,"contentHash":"5c05764e4654d5838ef4281a435d0707","sourceName":"lib/analog-gmp/lib/frost-evm/sol/SECP256K1.sol","solcConfig":{"settings":{"optimizer":{"enabled":true,"runs":200000},"metadata":{"useLiteralContent":false,"bytecodeHash":"ipfs","appendCBOR":true},"outputSelection":{"*":{"*":["abi","evm.bytecode","evm.deployedBytecode","evm.methodIdentifiers","metadata"]}},"evmVersion":"shanghai","viaIR":false,"libraries":{}}},"imports":[],"versionRequirement":"^0.8.24","artifacts":{"SECP256K1":{"0.8.24+commit.e11b9ed9.Linux.gcc":"SECP256K1.sol/SECP256K1.json"}}},"lib/analog-gmp/lib/frost-evm/sol/Schnorr.sol":{"lastModificationDate":1713646285669,"contentHash":"c729121b9dd684b27c74d48f2a06adb4","sourceName":"lib/analog-gmp/lib/frost-evm/sol/Schnorr.sol","solcConfig":{"settings":{"optimizer":{"enabled":true,"runs":200000},"metadata":{"useLiteralContent":false,"bytecodeHash":"ipfs","appendCBOR":true},"outputSelection":{"*":{"*":["abi","evm.bytecode","evm.deployedBytecode","evm.methodIdentifiers","metadata"]}},"evmVersion":"shanghai","viaIR":false,"libraries":{}}},"imports":[],"versionRequirement":"^0.8.0","artifacts":{"Schnorr":{"0.8.24+commit.e11b9ed9.Linux.gcc":"Schnorr.sol/Schnorr.json"}}},"lib/analog-gmp/lib/solmate/src/tokens/ERC20.sol":{"lastModificationDate":1713646288025,"contentHash":"0c7c7ada139062536af09d69d96d395c","sourceName":"lib/analog-gmp/lib/solmate/src/tokens/ERC20.sol","solcConfig":{"settings":{"optimizer":{"enabled":true,"runs":200000},"metadata":{"useLiteralContent":false,"bytecodeHash":"ipfs","appendCBOR":true},"outputSelection":{"*":{"*":["abi","evm.bytecode","evm.deployedBytecode","evm.methodIdentifiers","metadata"]}},"evmVersion":"shanghai","viaIR":false,"libraries":{}}},"imports":[],"versionRequirement":">=0.8.0","artifacts":{"ERC20":{"0.8.24+commit.e11b9ed9.Linux.gcc":"ERC20.sol/ERC20.json"}}},"lib/analog-gmp/src/Gateway.sol":{"lastModificationDate":1713646282085,"contentHash":"02d10e6c8718078e7e992d7fef75086c","sourceName":"lib/analog-gmp/src/Gateway.sol","solcConfig":{"settings":{"optimizer":{"enabled":true,"runs":200000},"metadata":{"useLiteralContent":false,"bytecodeHash":"ipfs","appendCBOR":true},"outputSelection":{"*":{"*":["abi","evm.bytecode","evm.deployedBytecode","evm.methodIdentifiers","metadata"]}},"evmVersion":"shanghai","viaIR":false,"libraries":{}}},"imports":["lib/analog-gmp/lib/frost-evm/sol/Schnorr.sol","lib/analog-gmp/src/Primitives.sol","lib/analog-gmp/src/interfaces/IExecutor.sol","lib/analog-gmp/src/interfaces/IGateway.sol","lib/analog-gmp/src/interfaces/IGmpReceiver.sol","lib/analog-gmp/src/interfaces/IUpgradable.sol","lib/analog-gmp/src/utils/BranchlessMath.sol"],"versionRequirement":">=0.8.0","artifacts":{"Gateway":{"0.8.24+commit.e11b9ed9.Linux.gcc":"Gateway.sol/Gateway.json"},"GatewayEIP712":{"0.8.24+commit.e11b9ed9.Linux.gcc":"Gateway.sol/GatewayEIP712.json"}}},"lib/analog-gmp/src/GatewayProxy.sol":{"lastModificationDate":1713646282085,"contentHash":"08995ca930b54df851043939ca17d67f","sourceName":"lib/analog-gmp/src/GatewayProxy.sol","solcConfig":{"settings":{"optimizer":{"enabled":true,"runs":200000},"metadata":{"useLiteralContent":false,"bytecodeHash":"ipfs","appendCBOR":true},"outputSelection":{"*":{"*":["abi","evm.bytecode","evm.deployedBytecode","evm.methodIdentifiers","metadata"]}},"evmVersion":"shanghai","viaIR":false,"libraries":{}}},"imports":[],"versionRequirement":">=0.8.0","artifacts":{"ERC1967":{"0.8.24+commit.e11b9ed9.Linux.gcc":"GatewayProxy.sol/ERC1967.json"},"GatewayProxy":{"0.8.24+commit.e11b9ed9.Linux.gcc":"GatewayProxy.sol/GatewayProxy.json"}}},"lib/analog-gmp/src/Primitives.sol":{"lastModificationDate":1713646282085,"contentHash":"a0d9c1f997fc8d579bdf29295a662179","sourceName":"lib/analog-gmp/src/Primitives.sol","solcConfig":{"settings":{"optimizer":{"enabled":true,"runs":200000},"metadata":{"useLiteralContent":false,"bytecodeHash":"ipfs","appendCBOR":true},"outputSelection":{"*":{"*":["abi","evm.bytecode","evm.deployedBytecode","evm.methodIdentifiers","metadata"]}},"evmVersion":"shanghai","viaIR":false,"libraries":{}}},"imports":["lib/analog-gmp/src/utils/BranchlessMath.sol"],"versionRequirement":">=0.8.0","artifacts":{"PrimitiveUtils":{"0.8.24+commit.e11b9ed9.Linux.gcc":"Primitives.sol/PrimitiveUtils.json"}}},"lib/analog-gmp/src/interfaces/IExecutor.sol":{"lastModificationDate":1713646282085,"contentHash":"d9d64910a59aca1e60ebd5e80eb80525","sourceName":"lib/analog-gmp/src/interfaces/IExecutor.sol","solcConfig":{"settings":{"optimizer":{"enabled":true,"runs":200000},"metadata":{"useLiteralContent":false,"bytecodeHash":"ipfs","appendCBOR":true},"outputSelection":{"*":{"*":["abi","evm.bytecode","evm.deployedBytecode","evm.methodIdentifiers","metadata"]}},"evmVersion":"shanghai","viaIR":false,"libraries":{}}},"imports":["lib/analog-gmp/src/Primitives.sol","lib/analog-gmp/src/utils/BranchlessMath.sol"],"versionRequirement":">=0.8.0","artifacts":{"IExecutor":{"0.8.24+commit.e11b9ed9.Linux.gcc":"IExecutor.sol/IExecutor.json"}}},"lib/analog-gmp/src/interfaces/IGateway.sol":{"lastModificationDate":1713646282085,"contentHash":"c4d7e4d823efed73bda6b3c27539dd41","sourceName":"lib/analog-gmp/src/interfaces/IGateway.sol","solcConfig":{"settings":{"optimizer":{"enabled":true,"runs":200000},"metadata":{"useLiteralContent":false,"bytecodeHash":"ipfs","appendCBOR":true},"outputSelection":{"*":{"*":["abi","evm.bytecode","evm.deployedBytecode","evm.methodIdentifiers","metadata"]}},"evmVersion":"shanghai","viaIR":false,"libraries":{}}},"imports":["lib/analog-gmp/src/Primitives.sol","lib/analog-gmp/src/utils/BranchlessMath.sol"],"versionRequirement":">=0.8.0","artifacts":{"IGateway":{"0.8.24+commit.e11b9ed9.Linux.gcc":"IGateway.sol/IGateway.json"}}},"lib/analog-gmp/src/interfaces/IGmpReceiver.sol":{"lastModificationDate":1713646282085,"contentHash":"619164164750d6c6fd98422a71106ef3","sourceName":"lib/analog-gmp/src/interfaces/IGmpReceiver.sol","solcConfig":{"settings":{"optimizer":{"enabled":true,"runs":200000},"metadata":{"useLiteralContent":false,"bytecodeHash":"ipfs","appendCBOR":true},"outputSelection":{"*":{"*":["abi","evm.bytecode","evm.deployedBytecode","evm.methodIdentifiers","metadata"]}},"evmVersion":"shanghai","viaIR":false,"libraries":{}}},"imports":[],"versionRequirement":">=0.8.0","artifacts":{"IGmpReceiver":{"0.8.24+commit.e11b9ed9.Linux.gcc":"IGmpReceiver.sol/IGmpReceiver.json"}}},"lib/analog-gmp/src/interfaces/IUpgradable.sol":{"lastModificationDate":1713646282085,"contentHash":"139584c9d7fabbb7eea7b4c357552acb","sourceName":"lib/analog-gmp/src/interfaces/IUpgradable.sol","solcConfig":{"settings":{"optimizer":{"enabled":true,"runs":200000},"metadata":{"useLiteralContent":false,"bytecodeHash":"ipfs","appendCBOR":true},"outputSelection":{"*":{"*":["abi","evm.bytecode","evm.deployedBytecode","evm.methodIdentifiers","metadata"]}},"evmVersion":"shanghai","viaIR":false,"libraries":{}}},"imports":[],"versionRequirement":">=0.8.0","artifacts":{"IUpgradable":{"0.8.24+commit.e11b9ed9.Linux.gcc":"IUpgradable.sol/IUpgradable.json"}}},"lib/analog-gmp/src/utils/BranchlessMath.sol":{"lastModificationDate":1713646282085,"contentHash":"6a0b60d1961ea32b88aa283169ca9eeb","sourceName":"lib/analog-gmp/src/utils/BranchlessMath.sol","solcConfig":{"settings":{"optimizer":{"enabled":true,"runs":200000},"metadata":{"useLiteralContent":false,"bytecodeHash":"ipfs","appendCBOR":true},"outputSelection":{"*":{"*":["abi","evm.bytecode","evm.deployedBytecode","evm.methodIdentifiers","metadata"]}},"evmVersion":"shanghai","viaIR":false,"libraries":{}}},"imports":[],"versionRequirement":"^0.8.20","artifacts":{"BranchlessMath":{"0.8.24+commit.e11b9ed9.Linux.gcc":"BranchlessMath.sol/BranchlessMath.json"}}},"lib/analog-gmp/test/GmpTestTools.sol":{"lastModificationDate":1713646282085,"contentHash":"469b345f7aa64751a5b99ab44bc4fcaf","sourceName":"lib/analog-gmp/test/GmpTestTools.sol","solcConfig":{"settings":{"optimizer":{"enabled":true,"runs":200000},"metadata":{"useLiteralContent":false,"bytecodeHash":"ipfs","appendCBOR":true},"outputSelection":{"*":{"*":["abi","evm.bytecode","evm.deployedBytecode","evm.methodIdentifiers","metadata"]}},"evmVersion":"shanghai","viaIR":false,"libraries":{}}},"imports":["lib/analog-gmp/lib/frost-evm/sol/SECP256K1.sol","lib/analog-gmp/lib/frost-evm/sol/Schnorr.sol","lib/analog-gmp/src/Gateway.sol","lib/analog-gmp/src/GatewayProxy.sol","lib/analog-gmp/src/Primitives.sol","lib/analog-gmp/src/interfaces/IExecutor.sol","lib/analog-gmp/src/interfaces/IGateway.sol","lib/analog-gmp/src/interfaces/IGmpReceiver.sol","lib/analog-gmp/src/interfaces/IUpgradable.sol","lib/analog-gmp/src/utils/BranchlessMath.sol","lib/analog-gmp/test/Random.sol","lib/analog-gmp/test/TestUtils.sol","lib/forge-std/src/Vm.sol"],"versionRequirement":">=0.8.0","artifacts":{"GmpTestTools":{"0.8.24+commit.e11b9ed9.Linux.gcc":"GmpTestTools.sol/GmpTestTools.json"}}},"lib/analog-gmp/test/Random.sol":{"lastModificationDate":1713646282085,"contentHash":"cb1b8d2bfc91c106947fd19a6b873500","sourceName":"lib/analog-gmp/test/Random.sol","solcConfig":{"settings":{"optimizer":{"enabled":true,"runs":200000},"metadata":{"useLiteralContent":false,"bytecodeHash":"ipfs","appendCBOR":true},"outputSelection":{"*":{"*":["abi","evm.bytecode","evm.deployedBytecode","evm.methodIdentifiers","metadata"]}},"evmVersion":"shanghai","viaIR":false,"libraries":{}}},"imports":[],"versionRequirement":">=0.8.0","artifacts":{"Random":{"0.8.24+commit.e11b9ed9.Linux.gcc":"Random.sol/Random.json"}}},"lib/analog-gmp/test/TestUtils.sol":{"lastModificationDate":1713646282085,"contentHash":"bf9046142bb443f02cf8a5a29131033f","sourceName":"lib/analog-gmp/test/TestUtils.sol","solcConfig":{"settings":{"optimizer":{"enabled":true,"runs":200000},"metadata":{"useLiteralContent":false,"bytecodeHash":"ipfs","appendCBOR":true},"outputSelection":{"*":{"*":["abi","evm.bytecode","evm.deployedBytecode","evm.methodIdentifiers","metadata"]}},"evmVersion":"shanghai","viaIR":false,"libraries":{}}},"imports":["lib/analog-gmp/lib/frost-evm/sol/SECP256K1.sol","lib/analog-gmp/lib/frost-evm/sol/Schnorr.sol","lib/forge-std/src/Vm.sol"],"versionRequirement":">=0.8.0","artifacts":{"SigningUtils":{"0.8.24+commit.e11b9ed9.Linux.gcc":"TestUtils.sol/SigningUtils.json"},"TestUtils":{"0.8.24+commit.e11b9ed9.Linux.gcc":"TestUtils.sol/TestUtils.json"}}},"lib/forge-std/src/Base.sol":{"lastModificationDate":1713646265399,"contentHash":"ee13c050b1914464f1d3f90cde90204b","sourceName":"lib/forge-std/src/Base.sol","solcConfig":{"settings":{"optimizer":{"enabled":true,"runs":200000},"metadata":{"useLiteralContent":false,"bytecodeHash":"ipfs","appendCBOR":true},"outputSelection":{"*":{"*":["abi","evm.bytecode","evm.deployedBytecode","evm.methodIdentifiers","metadata"]}},"evmVersion":"shanghai","viaIR":false,"libraries":{}}},"imports":["lib/forge-std/src/StdStorage.sol","lib/forge-std/src/Vm.sol"],"versionRequirement":">=0.6.2, <0.9.0","artifacts":{"CommonBase":{"0.8.24+commit.e11b9ed9.Linux.gcc":"Base.sol/CommonBase.json"},"ScriptBase":{"0.8.24+commit.e11b9ed9.Linux.gcc":"Base.sol/ScriptBase.json"},"TestBase":{"0.8.24+commit.e11b9ed9.Linux.gcc":"Base.sol/TestBase.json"}}},"lib/forge-std/src/Script.sol":{"lastModificationDate":1713646265399,"contentHash":"ba325c778a7da8a21c2136aa32763c14","sourceName":"lib/forge-std/src/Script.sol","solcConfig":{"settings":{"optimizer":{"enabled":true,"runs":200000},"metadata":{"useLiteralContent":false,"bytecodeHash":"ipfs","appendCBOR":true},"outputSelection":{"*":{"*":["abi","evm.bytecode","evm.deployedBytecode","evm.methodIdentifiers","metadata"]}},"evmVersion":"shanghai","viaIR":false,"libraries":{}}},"imports":["lib/forge-std/src/Base.sol","lib/forge-std/src/StdChains.sol","lib/forge-std/src/StdCheats.sol","lib/forge-std/src/StdJson.sol","lib/forge-std/src/StdMath.sol","lib/forge-std/src/StdStorage.sol","lib/forge-std/src/StdStyle.sol","lib/forge-std/src/StdUtils.sol","lib/forge-std/src/Vm.sol","lib/forge-std/src/console.sol","lib/forge-std/src/console2.sol","lib/forge-std/src/interfaces/IERC165.sol","lib/forge-std/src/interfaces/IERC20.sol","lib/forge-std/src/interfaces/IERC721.sol","lib/forge-std/src/interfaces/IMulticall3.sol","lib/forge-std/src/mocks/MockERC20.sol","lib/forge-std/src/mocks/MockERC721.sol","lib/forge-std/src/safeconsole.sol"],"versionRequirement":">=0.6.2, <0.9.0","artifacts":{"Script":{"0.8.24+commit.e11b9ed9.Linux.gcc":"Script.sol/Script.json"}}},"lib/forge-std/src/StdAssertions.sol":{"lastModificationDate":1713646265399,"contentHash":"52b0ef40a9a951914f35d4135e063e48","sourceName":"lib/forge-std/src/StdAssertions.sol","solcConfig":{"settings":{"optimizer":{"enabled":true,"runs":200000},"metadata":{"useLiteralContent":false,"bytecodeHash":"ipfs","appendCBOR":true},"outputSelection":{"*":{"*":["abi","evm.bytecode","evm.deployedBytecode","evm.methodIdentifiers","metadata"]}},"evmVersion":"shanghai","viaIR":false,"libraries":{}}},"imports":["lib/forge-std/src/Vm.sol"],"versionRequirement":">=0.6.2, <0.9.0","artifacts":{"StdAssertions":{"0.8.24+commit.e11b9ed9.Linux.gcc":"StdAssertions.sol/StdAssertions.json"}}},"lib/forge-std/src/StdChains.sol":{"lastModificationDate":1713646265399,"contentHash":"ad426367021e17f3fc937afa5db39a5c","sourceName":"lib/forge-std/src/StdChains.sol","solcConfig":{"settings":{"optimizer":{"enabled":true,"runs":200000},"metadata":{"useLiteralContent":false,"bytecodeHash":"ipfs","appendCBOR":true},"outputSelection":{"*":{"*":["abi","evm.bytecode","evm.deployedBytecode","evm.methodIdentifiers","metadata"]}},"evmVersion":"shanghai","viaIR":false,"libraries":{}}},"imports":["lib/forge-std/src/Vm.sol"],"versionRequirement":">=0.6.2, <0.9.0","artifacts":{"StdChains":{"0.8.24+commit.e11b9ed9.Linux.gcc":"StdChains.sol/StdChains.json"}}},"lib/forge-std/src/StdCheats.sol":{"lastModificationDate":1713646265399,"contentHash":"7922ae0087a21ee3cdb97137be18c06c","sourceName":"lib/forge-std/src/StdCheats.sol","solcConfig":{"settings":{"optimizer":{"enabled":true,"runs":200000},"metadata":{"useLiteralContent":false,"bytecodeHash":"ipfs","appendCBOR":true},"outputSelection":{"*":{"*":["abi","evm.bytecode","evm.deployedBytecode","evm.methodIdentifiers","metadata"]}},"evmVersion":"shanghai","viaIR":false,"libraries":{}}},"imports":["lib/forge-std/src/StdStorage.sol","lib/forge-std/src/Vm.sol","lib/forge-std/src/console2.sol"],"versionRequirement":">=0.6.2, <0.9.0","artifacts":{"StdCheats":{"0.8.24+commit.e11b9ed9.Linux.gcc":"StdCheats.sol/StdCheats.json"},"StdCheatsSafe":{"0.8.24+commit.e11b9ed9.Linux.gcc":"StdCheats.sol/StdCheatsSafe.json"}}},"lib/forge-std/src/StdError.sol":{"lastModificationDate":1713646265399,"contentHash":"64c896e1276a291776e5ea5aecb3870a","sourceName":"lib/forge-std/src/StdError.sol","solcConfig":{"settings":{"optimizer":{"enabled":true,"runs":200000},"metadata":{"useLiteralContent":false,"bytecodeHash":"ipfs","appendCBOR":true},"outputSelection":{"*":{"*":["abi","evm.bytecode","evm.deployedBytecode","evm.methodIdentifiers","metadata"]}},"evmVersion":"shanghai","viaIR":false,"libraries":{}}},"imports":[],"versionRequirement":">=0.6.2, <0.9.0","artifacts":{"stdError":{"0.8.24+commit.e11b9ed9.Linux.gcc":"StdError.sol/stdError.json"}}},"lib/forge-std/src/StdInvariant.sol":{"lastModificationDate":1713646265399,"contentHash":"0a580d6fac69e9d4b6504f747f3c0c24","sourceName":"lib/forge-std/src/StdInvariant.sol","solcConfig":{"settings":{"optimizer":{"enabled":true,"runs":200000},"metadata":{"useLiteralContent":false,"bytecodeHash":"ipfs","appendCBOR":true},"outputSelection":{"*":{"*":["abi","evm.bytecode","evm.deployedBytecode","evm.methodIdentifiers","metadata"]}},"evmVersion":"shanghai","viaIR":false,"libraries":{}}},"imports":[],"versionRequirement":">=0.6.2, <0.9.0","artifacts":{"StdInvariant":{"0.8.24+commit.e11b9ed9.Linux.gcc":"StdInvariant.sol/StdInvariant.json"}}},"lib/forge-std/src/StdJson.sol":{"lastModificationDate":1713646265399,"contentHash":"3339192c616789604138e2d8206c0702","sourceName":"lib/forge-std/src/StdJson.sol","solcConfig":{"settings":{"optimizer":{"enabled":true,"runs":200000},"metadata":{"useLiteralContent":false,"bytecodeHash":"ipfs","appendCBOR":true},"outputSelection":{"*":{"*":["abi","evm.bytecode","evm.deployedBytecode","evm.methodIdentifiers","metadata"]}},"evmVersion":"shanghai","viaIR":false,"libraries":{}}},"imports":["lib/forge-std/src/Vm.sol"],"versionRequirement":">=0.6.0, <0.9.0","artifacts":{"stdJson":{"0.8.24+commit.e11b9ed9.Linux.gcc":"StdJson.sol/stdJson.json"}}},"lib/forge-std/src/StdMath.sol":{"lastModificationDate":1713646265399,"contentHash":"9da8f453eba6bb98f3d75bc6822bfb29","sourceName":"lib/forge-std/src/StdMath.sol","solcConfig":{"settings":{"optimizer":{"enabled":true,"runs":200000},"metadata":{"useLiteralContent":false,"bytecodeHash":"ipfs","appendCBOR":true},"outputSelection":{"*":{"*":["abi","evm.bytecode","evm.deployedBytecode","evm.methodIdentifiers","metadata"]}},"evmVersion":"shanghai","viaIR":false,"libraries":{}}},"imports":[],"versionRequirement":">=0.6.2, <0.9.0","artifacts":{"stdMath":{"0.8.24+commit.e11b9ed9.Linux.gcc":"StdMath.sol/stdMath.json"}}},"lib/forge-std/src/StdStorage.sol":{"lastModificationDate":1713646265399,"contentHash":"5955d11c6b4a5e64839b4419e0fe71c4","sourceName":"lib/forge-std/src/StdStorage.sol","solcConfig":{"settings":{"optimizer":{"enabled":true,"runs":200000},"metadata":{"useLiteralContent":false,"bytecodeHash":"ipfs","appendCBOR":true},"outputSelection":{"*":{"*":["abi","evm.bytecode","evm.deployedBytecode","evm.methodIdentifiers","metadata"]}},"evmVersion":"shanghai","viaIR":false,"libraries":{}}},"imports":["lib/forge-std/src/Vm.sol"],"versionRequirement":">=0.6.2, <0.9.0","artifacts":{"stdStorage":{"0.8.24+commit.e11b9ed9.Linux.gcc":"StdStorage.sol/stdStorage.json"},"stdStorageSafe":{"0.8.24+commit.e11b9ed9.Linux.gcc":"StdStorage.sol/stdStorageSafe.json"}}},"lib/forge-std/src/StdStyle.sol":{"lastModificationDate":1713646265403,"contentHash":"6281165a12aa639705c691fccefd855e","sourceName":"lib/forge-std/src/StdStyle.sol","solcConfig":{"settings":{"optimizer":{"enabled":true,"runs":200000},"metadata":{"useLiteralContent":false,"bytecodeHash":"ipfs","appendCBOR":true},"outputSelection":{"*":{"*":["abi","evm.bytecode","evm.deployedBytecode","evm.methodIdentifiers","metadata"]}},"evmVersion":"shanghai","viaIR":false,"libraries":{}}},"imports":["lib/forge-std/src/Vm.sol"],"versionRequirement":">=0.4.22, <0.9.0","artifacts":{"StdStyle":{"0.8.24+commit.e11b9ed9.Linux.gcc":"StdStyle.sol/StdStyle.json"}}},"lib/forge-std/src/StdToml.sol":{"lastModificationDate":1713646265403,"contentHash":"2bb543c13f276e5db311aa3b81ed1651","sourceName":"lib/forge-std/src/StdToml.sol","solcConfig":{"settings":{"optimizer":{"enabled":true,"runs":200000},"metadata":{"useLiteralContent":false,"bytecodeHash":"ipfs","appendCBOR":true},"outputSelection":{"*":{"*":["abi","evm.bytecode","evm.deployedBytecode","evm.methodIdentifiers","metadata"]}},"evmVersion":"shanghai","viaIR":false,"libraries":{}}},"imports":["lib/forge-std/src/Vm.sol"],"versionRequirement":">=0.6.0, <0.9.0","artifacts":{"stdToml":{"0.8.24+commit.e11b9ed9.Linux.gcc":"StdToml.sol/stdToml.json"}}},"lib/forge-std/src/StdUtils.sol":{"lastModificationDate":1713646265403,"contentHash":"2ace460f60242ec59c9310db966aee97","sourceName":"lib/forge-std/src/StdUtils.sol","solcConfig":{"settings":{"optimizer":{"enabled":true,"runs":200000},"metadata":{"useLiteralContent":false,"bytecodeHash":"ipfs","appendCBOR":true},"outputSelection":{"*":{"*":["abi","evm.bytecode","evm.deployedBytecode","evm.methodIdentifiers","metadata"]}},"evmVersion":"shanghai","viaIR":false,"libraries":{}}},"imports":["lib/forge-std/src/Vm.sol","lib/forge-std/src/interfaces/IERC165.sol","lib/forge-std/src/interfaces/IERC20.sol","lib/forge-std/src/interfaces/IERC721.sol","lib/forge-std/src/interfaces/IMulticall3.sol","lib/forge-std/src/mocks/MockERC20.sol","lib/forge-std/src/mocks/MockERC721.sol"],"versionRequirement":">=0.6.2, <0.9.0","artifacts":{"StdUtils":{"0.8.24+commit.e11b9ed9.Linux.gcc":"StdUtils.sol/StdUtils.json"}}},"lib/forge-std/src/Test.sol":{"lastModificationDate":1713646265403,"contentHash":"b6f15605355fc8c421fe42a90f94bf32","sourceName":"lib/forge-std/src/Test.sol","solcConfig":{"settings":{"optimizer":{"enabled":true,"runs":200000},"metadata":{"useLiteralContent":false,"bytecodeHash":"ipfs","appendCBOR":true},"outputSelection":{"*":{"*":["abi","evm.bytecode","evm.deployedBytecode","evm.methodIdentifiers","metadata"]}},"evmVersion":"shanghai","viaIR":false,"libraries":{}}},"imports":["lib/forge-std/src/Base.sol","lib/forge-std/src/StdAssertions.sol","lib/forge-std/src/StdChains.sol","lib/forge-std/src/StdCheats.sol","lib/forge-std/src/StdError.sol","lib/forge-std/src/StdInvariant.sol","lib/forge-std/src/StdJson.sol","lib/forge-std/src/StdMath.sol","lib/forge-std/src/StdStorage.sol","lib/forge-std/src/StdStyle.sol","lib/forge-std/src/StdToml.sol","lib/forge-std/src/StdUtils.sol","lib/forge-std/src/Vm.sol","lib/forge-std/src/console.sol","lib/forge-std/src/console2.sol","lib/forge-std/src/interfaces/IERC165.sol","lib/forge-std/src/interfaces/IERC20.sol","lib/forge-std/src/interfaces/IERC721.sol","lib/forge-std/src/interfaces/IMulticall3.sol","lib/forge-std/src/mocks/MockERC20.sol","lib/forge-std/src/mocks/MockERC721.sol","lib/forge-std/src/safeconsole.sol"],"versionRequirement":">=0.6.2, <0.9.0","artifacts":{"Test":{"0.8.24+commit.e11b9ed9.Linux.gcc":"Test.sol/Test.json"}}},"lib/forge-std/src/Vm.sol":{"lastModificationDate":1713646265403,"contentHash":"0c248e2fef44ee2467d2e54f8d192b55","sourceName":"lib/forge-std/src/Vm.sol","solcConfig":{"settings":{"optimizer":{"enabled":true,"runs":200000},"metadata":{"useLiteralContent":false,"bytecodeHash":"ipfs","appendCBOR":true},"outputSelection":{"*":{"*":["abi","evm.bytecode","evm.deployedBytecode","evm.methodIdentifiers","metadata"]}},"evmVersion":"shanghai","viaIR":false,"libraries":{}}},"imports":[],"versionRequirement":">=0.6.2, <0.9.0","artifacts":{"Vm":{"0.8.24+commit.e11b9ed9.Linux.gcc":"Vm.sol/Vm.json"},"VmSafe":{"0.8.24+commit.e11b9ed9.Linux.gcc":"Vm.sol/VmSafe.json"}}},"lib/forge-std/src/console.sol":{"lastModificationDate":1713646265403,"contentHash":"100b8a33b917da1147740d7ab8b0ded3","sourceName":"lib/forge-std/src/console.sol","solcConfig":{"settings":{"optimizer":{"enabled":true,"runs":200000},"metadata":{"useLiteralContent":false,"bytecodeHash":"ipfs","appendCBOR":true},"outputSelection":{"*":{"*":["abi","evm.bytecode","evm.deployedBytecode","evm.methodIdentifiers","metadata"]}},"evmVersion":"shanghai","viaIR":false,"libraries":{}}},"imports":[],"versionRequirement":">=0.4.22, <0.9.0","artifacts":{"console":{"0.8.24+commit.e11b9ed9.Linux.gcc":"console.sol/console.json"}}},"lib/forge-std/src/console2.sol":{"lastModificationDate":1713646265403,"contentHash":"491ca717c1915995e78cc361485a3067","sourceName":"lib/forge-std/src/console2.sol","solcConfig":{"settings":{"optimizer":{"enabled":true,"runs":200000},"metadata":{"useLiteralContent":false,"bytecodeHash":"ipfs","appendCBOR":true},"outputSelection":{"*":{"*":["abi","evm.bytecode","evm.deployedBytecode","evm.methodIdentifiers","metadata"]}},"evmVersion":"shanghai","viaIR":false,"libraries":{}}},"imports":[],"versionRequirement":">=0.4.22, <0.9.0","artifacts":{"console2":{"0.8.24+commit.e11b9ed9.Linux.gcc":"console2.sol/console2.json"}}},"lib/forge-std/src/interfaces/IERC165.sol":{"lastModificationDate":1713646265403,"contentHash":"90fe5e2e3ed432d6f3b408e7c9e8a739","sourceName":"lib/forge-std/src/interfaces/IERC165.sol","solcConfig":{"settings":{"optimizer":{"enabled":true,"runs":200000},"metadata":{"useLiteralContent":false,"bytecodeHash":"ipfs","appendCBOR":true},"outputSelection":{"*":{"*":["abi","evm.bytecode","evm.deployedBytecode","evm.methodIdentifiers","metadata"]}},"evmVersion":"shanghai","viaIR":false,"libraries":{}}},"imports":[],"versionRequirement":">=0.6.2","artifacts":{"IERC165":{"0.8.24+commit.e11b9ed9.Linux.gcc":"IERC165.sol/IERC165.json"}}},"lib/forge-std/src/interfaces/IERC20.sol":{"lastModificationDate":1713646265403,"contentHash":"8099161d518e5862a76750349d58e801","sourceName":"lib/forge-std/src/interfaces/IERC20.sol","solcConfig":{"settings":{"optimizer":{"enabled":true,"runs":200000},"metadata":{"useLiteralContent":false,"bytecodeHash":"ipfs","appendCBOR":true},"outputSelection":{"*":{"*":["abi","evm.bytecode","evm.deployedBytecode","evm.methodIdentifiers","metadata"]}},"evmVersion":"shanghai","viaIR":false,"libraries":{}}},"imports":[],"versionRequirement":">=0.6.2","artifacts":{"IERC20":{"0.8.24+commit.e11b9ed9.Linux.gcc":"IERC20.sol/IERC20.json"}}},"lib/forge-std/src/interfaces/IERC721.sol":{"lastModificationDate":1713646265403,"contentHash":"efc26e7f9a2f76b68088c8760ceae2dc","sourceName":"lib/forge-std/src/interfaces/IERC721.sol","solcConfig":{"settings":{"optimizer":{"enabled":true,"runs":200000},"metadata":{"useLiteralContent":false,"bytecodeHash":"ipfs","appendCBOR":true},"outputSelection":{"*":{"*":["abi","evm.bytecode","evm.deployedBytecode","evm.methodIdentifiers","metadata"]}},"evmVersion":"shanghai","viaIR":false,"libraries":{}}},"imports":["lib/forge-std/src/interfaces/IERC165.sol"],"versionRequirement":">=0.6.2","artifacts":{"IERC721":{"0.8.24+commit.e11b9ed9.Linux.gcc":"IERC721.sol/IERC721.json"},"IERC721Enumerable":{"0.8.24+commit.e11b9ed9.Linux.gcc":"IERC721.sol/IERC721Enumerable.json"},"IERC721Metadata":{"0.8.24+commit.e11b9ed9.Linux.gcc":"IERC721.sol/IERC721Metadata.json"},"IERC721TokenReceiver":{"0.8.24+commit.e11b9ed9.Linux.gcc":"IERC721.sol/IERC721TokenReceiver.json"}}},"lib/forge-std/src/interfaces/IMulticall3.sol":{"lastModificationDate":1713646265403,"contentHash":"7b131ca1ca32ef6378b7b9ad5488b901","sourceName":"lib/forge-std/src/interfaces/IMulticall3.sol","solcConfig":{"settings":{"optimizer":{"enabled":true,"runs":200000},"metadata":{"useLiteralContent":false,"bytecodeHash":"ipfs","appendCBOR":true},"outputSelection":{"*":{"*":["abi","evm.bytecode","evm.deployedBytecode","evm.methodIdentifiers","metadata"]}},"evmVersion":"shanghai","viaIR":false,"libraries":{}}},"imports":[],"versionRequirement":">=0.6.2, <0.9.0","artifacts":{"IMulticall3":{"0.8.24+commit.e11b9ed9.Linux.gcc":"IMulticall3.sol/IMulticall3.json"}}},"lib/forge-std/src/mocks/MockERC20.sol":{"lastModificationDate":1713646265403,"contentHash":"8e14d63e81e1d54dbc2d44df38ae9dec","sourceName":"lib/forge-std/src/mocks/MockERC20.sol","solcConfig":{"settings":{"optimizer":{"enabled":true,"runs":200000},"metadata":{"useLiteralContent":false,"bytecodeHash":"ipfs","appendCBOR":true},"outputSelection":{"*":{"*":["abi","evm.bytecode","evm.deployedBytecode","evm.methodIdentifiers","metadata"]}},"evmVersion":"shanghai","viaIR":false,"libraries":{}}},"imports":["lib/forge-std/src/interfaces/IERC20.sol"],"versionRequirement":">=0.6.2, <0.9.0","artifacts":{"MockERC20":{"0.8.24+commit.e11b9ed9.Linux.gcc":"MockERC20.sol/MockERC20.json"}}},"lib/forge-std/src/mocks/MockERC721.sol":{"lastModificationDate":1713646265403,"contentHash":"58a77bb0832bf28b8edea8e830e21e63","sourceName":"lib/forge-std/src/mocks/MockERC721.sol","solcConfig":{"settings":{"optimizer":{"enabled":true,"runs":200000},"metadata":{"useLiteralContent":false,"bytecodeHash":"ipfs","appendCBOR":true},"outputSelection":{"*":{"*":["abi","evm.bytecode","evm.deployedBytecode","evm.methodIdentifiers","metadata"]}},"evmVersion":"shanghai","viaIR":false,"libraries":{}}},"imports":["lib/forge-std/src/interfaces/IERC165.sol","lib/forge-std/src/interfaces/IERC721.sol"],"versionRequirement":">=0.6.2, <0.9.0","artifacts":{"IERC721TokenReceiver":{"0.8.24+commit.e11b9ed9.Linux.gcc":"MockERC721.sol/IERC721TokenReceiver.json"},"MockERC721":{"0.8.24+commit.e11b9ed9.Linux.gcc":"MockERC721.sol/MockERC721.json"}}},"lib/forge-std/src/safeconsole.sol":{"lastModificationDate":1713646265403,"contentHash":"ac3b1bf5a444db5db3656021830258a8","sourceName":"lib/forge-std/src/safeconsole.sol","solcConfig":{"settings":{"optimizer":{"enabled":true,"runs":200000},"metadata":{"useLiteralContent":false,"bytecodeHash":"ipfs","appendCBOR":true},"outputSelection":{"*":{"*":["abi","evm.bytecode","evm.deployedBytecode","evm.methodIdentifiers","metadata"]}},"evmVersion":"shanghai","viaIR":false,"libraries":{}}},"imports":[],"versionRequirement":">=0.6.2, <0.9.0","artifacts":{"safeconsole":{"0.8.24+commit.e11b9ed9.Linux.gcc":"safeconsole.sol/safeconsole.json"}}},"script/Counter.s.sol":{"lastModificationDate":1713646265407,"contentHash":"9a14ac1d1e131d32a3e01c99b197eb04","sourceName":"script/Counter.s.sol","solcConfig":{"settings":{"optimizer":{"enabled":true,"runs":200000},"metadata":{"useLiteralContent":false,"bytecodeHash":"ipfs","appendCBOR":true},"outputSelection":{"*":{"*":["abi","evm.bytecode","evm.deployedBytecode","evm.methodIdentifiers","metadata"]}},"evmVersion":"shanghai","viaIR":false,"libraries":{}}},"imports":["lib/forge-std/src/Base.sol","lib/forge-std/src/Script.sol","lib/forge-std/src/StdChains.sol","lib/forge-std/src/StdCheats.sol","lib/forge-std/src/StdJson.sol","lib/forge-std/src/StdMath.sol","lib/forge-std/src/StdStorage.sol","lib/forge-std/src/StdStyle.sol","lib/forge-std/src/StdUtils.sol","lib/forge-std/src/Vm.sol","lib/forge-std/src/console.sol","lib/forge-std/src/console2.sol","lib/forge-std/src/interfaces/IERC165.sol","lib/forge-std/src/interfaces/IERC20.sol","lib/forge-std/src/interfaces/IERC721.sol","lib/forge-std/src/interfaces/IMulticall3.sol","lib/forge-std/src/mocks/MockERC20.sol","lib/forge-std/src/mocks/MockERC721.sol","lib/forge-std/src/safeconsole.sol"],"versionRequirement":"^0.8.13","artifacts":{"CounterScript":{"0.8.24+commit.e11b9ed9.Linux.gcc":"Counter.s.sol/CounterScript.json"}}}}}